Date,Name,Year,Letterboxd URI
2024-04-06,The Shawshank Redemption,1994,https://boxd.it/2aHi
2024-04-06,The Prestige,2006,https://boxd.it/293w
2024-04-06,Fight Club,1999,https://boxd.it/2a9q
2024-04-11,Fury,2014,https://boxd.it/6JwC
2024-04-11,Bullet Train,2022,https://boxd.it/qW26
2024-04-16,Memento,2000,https://boxd.it/2bcK
2024-04-19,Oppenheimer,2023,https://boxd.it/wUow
2024-04-19,La La Land,2016,https://boxd.it/a5fa
2024-04-19,Fast X,2023,https://boxd.it/drIu
2024-04-19,Extraction 2,2023,https://boxd.it/q4Zo
2024-04-19,John Wick: Chapter 4,2023,https://boxd.it/mh48
2024-04-19,The Gray Man,2022,https://boxd.it/rb7q
2024-04-19,Heart of Stone,2023,https://boxd.it/r91A
2024-04-19,The 355,2022,https://boxd.it/iWI6
2024-04-20,Gone Girl,2014,https://boxd.it/6hQu
2024-04-20,The Matrix,1999,https://boxd.it/2a1m
2024-04-25,Whiplash,2014,https://boxd.it/7bQA
2024-04-30,Shōgun,2024,https://boxd.it/LciY
2024-05-04,300,2006,https://boxd.it/28XI
2024-05-05,Drive,2011,https://boxd.it/IG
2024-05-11,Prisoners,2013,https://boxd.it/4E5i
2024-05-14,Upgraded,2024,https://boxd.it/ClSe
2024-05-16,3 Idiots,2009,https://boxd.it/1Dsa
2024-05-17,Lucky Number Slevin,2006,https://boxd.it/2aVu
2024-05-18,Dune,2021,https://boxd.it/fA7G
2024-05-19,Dune: Part Two,2024,https://boxd.it/pUfA
2024-05-21,In Time,2011,https://boxd.it/FPS
2024-05-21,Blade Runner 2049,2017,https://boxd.it/b8wK
2024-05-22,Blue Beetle,2023,https://boxd.it/kJLq
2024-05-22,Shazam! Fury of the Gods,2023,https://boxd.it/lV0S
2024-05-22,Shazam!,2019,https://boxd.it/8WBu
2024-05-22,Black Adam,2022,https://boxd.it/fup0
2024-05-22,The Flash,2023,https://boxd.it/9twC
2024-05-22,Zack Snyder's Justice League,2021,https://boxd.it/tLOk
2024-05-22,Batman v Superman: Dawn of Justice,2016,https://boxd.it/6fBW
2024-05-22,The Dark Knight,2008,https://boxd.it/2b0k
2024-05-22,Madame Web,2024,https://boxd.it/nwD0
2024-05-22,Joker,2019,https://boxd.it/h4cS
2024-05-22,Pulp Fiction,1994,https://boxd.it/29Pq
2024-05-22,American Psycho,2000,https://boxd.it/28Vs
2024-05-22,Se7en,1995,https://boxd.it/29zs
2024-05-22,Harry Potter and the Order of the Phoenix,2007,https://boxd.it/29Qe
2024-05-22,Harry Potter and the Prisoner of Azkaban,2004,https://boxd.it/29Qy
2024-05-22,Harry Potter and the Chamber of Secrets,2002,https://boxd.it/29QI
2024-05-22,Harry Potter and the Deathly Hallows: Part 2,2011,https://boxd.it/1RYk
2024-05-22,Harry Potter and the Half-Blood Prince,2009,https://boxd.it/29FU
2024-05-22,Harry Potter and the Deathly Hallows: Part 1,2010,https://boxd.it/1RYu
2024-05-22,Harry Potter and the Philosopher's Stone,2001,https://boxd.it/29QS
2024-05-22,Fantastic Beasts and Where to Find Them,2016,https://boxd.it/7FPC
2024-05-23,The Fall Guy,2024,https://boxd.it/s0Bm
2024-05-24,Challengers,2024,https://boxd.it/zld0
2024-05-24,The Queen's Gambit,2020,https://boxd.it/s1Ym
2024-05-24,Ford v Ferrari,2019,https://boxd.it/ce74
2024-05-24,Hacksaw Ridge,2016,https://boxd.it/azew
2024-05-25,Superbad,2007,https://boxd.it/20hO
2024-05-25,The Girl Next Door,2004,https://boxd.it/1VSq
2024-05-25,Tenet,2020,https://boxd.it/leq4
2024-05-25,Inception,2010,https://boxd.it/1skk
2024-05-28,A Few Good Men,1992,https://boxd.it/29nw
2024-05-28,Don't Look Up,2021,https://boxd.it/o0Hc
2024-05-28,Friday,1995,https://boxd.it/1VLO
2024-05-28,Why Do Fools Fall In Love,1998,https://boxd.it/Mya
2024-05-28,Mean Girls,2004,https://boxd.it/1VNg
2024-05-28,300: Rise of an Empire,2014,https://boxd.it/xaC
2024-05-29,The Social Network,2010,https://boxd.it/17ue
2024-05-30,Ratatouille,2007,https://boxd.it/27ww
2024-05-30,"Monsters, Inc.",2001,https://boxd.it/2a46
2024-05-30,The Matrix Revolutions,2003,https://boxd.it/2a12
2024-05-31,Think Like a Man,2012,https://boxd.it/2ffo
2024-06-02,Identity,2003,https://boxd.it/26e2
2024-06-02,Shutter Island,2010,https://boxd.it/1U82
2024-06-02,Fractured,2019,https://boxd.it/kPL2
2024-06-03,The Beekeeper,2024,https://boxd.it/wJzS
2024-06-07,Eyes Wide Shut,1999,https://boxd.it/2axs
2024-06-09,Get Out,2017,https://boxd.it/eOCm
2024-06-09,Wanted,2008,https://boxd.it/1ZBS
2024-06-10,The Butterfly Effect,2004,https://boxd.it/27M0
2024-06-30,Hit Man,2023,https://boxd.it/ANB2
2024-07-27,Rat Race,2001,https://boxd.it/1XAo
2024-07-30,Top Gun,1986,https://boxd.it/29JC
2024-07-30,Teenage Mutant Ninja Turtles,2014,https://boxd.it/3oAs
2024-07-30,Justice League,2017,https://boxd.it/4w68
2024-07-30,Suicide Squad,2016,https://boxd.it/9row
2024-07-30,Birds of Prey (and the Fantabulous Emancipation of One Harley Quinn),2020,https://boxd.it/hSyO
2024-08-01,Predestination,2014,https://boxd.it/6bJM
2024-08-02,Spider-Man: Across the Spider-Verse,2023,https://boxd.it/kSz4
2024-08-02,The Terminator,1984,https://boxd.it/2aQY
2024-08-02,The Guilty,2021,https://boxd.it/kOPW
2024-08-02,Casino Royale,2006,https://boxd.it/1alk
2024-08-02,No Time to Die,2021,https://boxd.it/cPX2
2024-08-02,Black Widow,2021,https://boxd.it/hWV8
2024-08-02,Fast & Furious Presents: Hobbs & Shaw,2019,https://boxd.it/dnDA
2024-08-02,6 Underground,2019,https://boxd.it/irU6
2024-08-02,John Wick,2014,https://boxd.it/7dEc
2024-08-02,Extraction,2020,https://boxd.it/jUjA
2024-08-02,The Hitman's Bodyguard,2017,https://boxd.it/dCmO
2024-08-02,Polar,2019,https://boxd.it/hoZg
2024-08-02,Guns Akimbo,2019,https://boxd.it/gkFu
2024-08-02,Free Guy,2021,https://boxd.it/k8dm
2024-08-02,The Adam Project,2022,https://boxd.it/q2Dg
2024-08-02,Thor: Love and Thunder,2022,https://boxd.it/mMAY
2024-08-02,Spider-Man: No Way Home,2021,https://boxd.it/nwRw
2024-08-02,Avengers: Infinity War,2018,https://boxd.it/9vEe
2024-08-02,Avengers: Endgame,2019,https://boxd.it/9vE4
2024-08-02,Deadpool 2,2018,https://boxd.it/dlLM
2024-08-02,Deadpool,2016,https://boxd.it/9fOC
2024-08-02,Thunder Force,2021,https://boxd.it/mLsE
2024-08-02,Spider-Man: Homecoming,2017,https://boxd.it/aboM
2024-08-02,Spider-Man: Far From Home,2019,https://boxd.it/fegG
2024-08-02,Transformers: Rise of the Beasts,2023,https://boxd.it/oQTa
2024-08-02,Eternals,2021,https://boxd.it/j36o
2024-08-02,211,2018,https://boxd.it/i4LK
2024-08-05,Someone Great,2019,https://boxd.it/iFva
2024-08-08,The Green Mile,1999,https://boxd.it/2agG
2024-08-08,The Nice Guys,2016,https://boxd.it/94Hg
2024-08-08,The Dictator,2012,https://boxd.it/2DEW
2024-08-08,The Interview,2014,https://boxd.it/6KQ4
2024-08-10,Black Swan,2010,https://boxd.it/Sw0
2024-08-12,The Notebook,2004,https://boxd.it/1UNE
2024-08-13,Crazy Rich Asians,2018,https://boxd.it/gfnK
2024-08-13,"Crazy, Stupid, Love.",2011,https://boxd.it/D9A
2024-08-14,Nightcrawler,2014,https://boxd.it/780m
2024-08-15,Knives Out,2019,https://boxd.it/jWEA
2024-08-15,The Purge: Anarchy,2014,https://boxd.it/71zk
2024-08-15,The Purge: Election Year,2016,https://boxd.it/ae5I
2024-08-15,Us,2019,https://boxd.it/gnV6
2024-08-16,Parasite,2019,https://boxd.it/hTha
2024-08-17,Mad Max: Fury Road,2015,https://boxd.it/2DjO
2024-08-17,Furiosa: A Mad Max Saga,2024,https://boxd.it/tABk
2024-08-19,Little Nicky,2000,https://boxd.it/1Y4I
2024-08-20,The Union,2024,https://boxd.it/qkD4
2024-08-29,Matilda,1996,https://boxd.it/1VhY
2024-09-04,Entergalactic,2022,https://boxd.it/CPN4
2024-09-05,Grown Ups,2010,https://boxd.it/169a
2024-09-08,Trap,2024,https://boxd.it/D4nK
2024-09-09,Lady Bird,2017,https://boxd.it/dGNE
2024-09-15,Johnny English,2003,https://boxd.it/1YyI
2024-09-15,Johnny English Strikes Again,2018,https://boxd.it/gzGW
2024-10-12,Deadpool & Wolverine,2024,https://boxd.it/jq8s
2024-10-13,Swindle,2013,https://boxd.it/6rNU
2024-10-13,Arrival,2016,https://boxd.it/aNGk
2024-10-13,Terrifier 2,2022,https://boxd.it/oI10
2024-10-19,Alien: Romulus,2024,https://boxd.it/zGqO
2024-10-22,2036: Nexus Dawn,2017,https://boxd.it/gXZo
2024-10-22,Absolutely Anything,2015,https://boxd.it/34Ry
2024-10-26,The Hangover,2009,https://boxd.it/1GjK
2024-10-30,The Hangover Part II,2011,https://boxd.it/PZI
2024-10-31,Romeo Must Die,2000,https://boxd.it/27tC
2024-11-01,Joker: Folie à Deux,2024,https://boxd.it/xBoE
2024-11-01,Talk to Me,2022,https://boxd.it/C6uQ
2024-11-02,Bob Marley: One Love,2024,https://boxd.it/uckw
2024-11-02,Game Night,2018,https://boxd.it/fRtu
2024-11-02,Doctor Strange,2016,https://boxd.it/8MH8
2024-11-02,Doctor Strange in the Multiverse of Madness,2022,https://boxd.it/gaTc
2024-11-03,The Hangover Part III,2013,https://boxd.it/3GNY
2024-11-08,Chernobyl,2019,https://boxd.it/mkbG
2024-11-09,Dìdi (弟弟),2024,https://boxd.it/HQOW
2024-11-10,How to Lose a Guy in 10 Days,2003,https://boxd.it/1XwG
2024-11-10,Sing,2016,https://boxd.it/b5EQ
2024-11-13,The Devil Wears Prada,2006,https://boxd.it/2awE
2024-11-14,(500) Days of Summer,2009,https://boxd.it/1EmM
2024-11-16,Gladiator,2000,https://boxd.it/2b9m
2024-11-17,Gladiator II,2024,https://boxd.it/kqQQ
2024-11-18,The Mask,1994,https://boxd.it/29rS
2024-11-19,Avengers: Age of Ultron,2015,https://boxd.it/3qi6
2024-11-19,Man of Steel,2013,https://boxd.it/FRk
2024-11-19,Mulan,1998,https://boxd.it/1VFw
2024-11-19,Mulan,2020,https://boxd.it/bbK6
2024-11-19,The Great Wall,2016,https://boxd.it/a04c
2024-11-19,Sarafina!,1992,https://boxd.it/1bFU
2024-11-19,Wolfs,2024,https://boxd.it/x6zG
2024-11-20,Good Boys,2019,https://boxd.it/iW1G
2024-11-22,The Equalizer 3,2023,https://boxd.it/yU54
2024-11-26,Her,2013,https://boxd.it/4O24
2024-11-27,10 Things I Hate About You,1999,https://boxd.it/23AO
2024-11-29,The Lion King,1994,https://boxd.it/201Q
2024-11-29,Do Revenge,2022,https://boxd.it/sFiA
2024-11-29,The Perfect Date,2019,https://boxd.it/jP9A
2024-11-29,Project Power,2020,https://boxd.it/ml8S
2024-11-29,Barbie,2023,https://boxd.it/bCLK
2024-11-30,Encanto,2021,https://boxd.it/kPRu
2024-11-30,The Perks of Being a Wallflower,2012,https://boxd.it/2ZA8
2024-11-30,Enola Holmes,2020,https://boxd.it/hX2o
2024-11-30,Home Alone,1990,https://boxd.it/29Fg
2024-11-30,Madagascar,2005,https://boxd.it/29dc
2024-11-30,The Kissing Booth,2018,https://boxd.it/geR0
2024-11-30,The Weeknd: After Hours,2020,https://boxd.it/pnHQ
2024-12-02,Central Intelligence,2016,https://boxd.it/9DFE
2024-12-02,Ride Along,2014,https://boxd.it/5dqA
2024-12-02,Ride Along 2,2016,https://boxd.it/awtS
2024-12-02,Dave Chappelle: The Closer,2021,https://boxd.it/xbe4
2024-12-07,Rim of the World,2019,https://boxd.it/jk4k
2024-12-07,Saturday Night,2024,https://boxd.it/Gpfo
2024-12-08,Dennis the Menace,1993,https://boxd.it/1SrQ
2024-12-09,Dead Poets Society,1989,https://boxd.it/2aSg
2024-12-11,Spider-Man: Into the Spider-Verse,2018,https://boxd.it/azpY
2024-12-12,Con Air,1997,https://boxd.it/28gO
2024-12-14,Sorry to Bother You,2018,https://boxd.it/f21E
2024-12-15,Pocahontas,1995,https://boxd.it/1W2g
2024-12-15,The Matrix Resurrections,2021,https://boxd.it/n87k
2024-12-15,The Matrix Reloaded,2003,https://boxd.it/2a1c
2024-12-16,Gran Turismo,2023,https://boxd.it/B2lS
2024-12-18,Harry Potter and the Goblet of Fire,2005,https://boxd.it/29Qo
2024-12-21,I Saw the TV Glow,2024,https://boxd.it/woVe
2024-12-22,Shang-Chi and the Legend of the Ten Rings,2021,https://boxd.it/kLDI
2024-12-22,Mortal Kombat,2021,https://boxd.it/gswA
2024-12-22,Nairobi Half Life,2012,https://boxd.it/4g7O
2024-12-24,The Batman,2022,https://boxd.it/eDGs
2024-12-28,Past Lives,2023,https://boxd.it/oNB8
2024-12-28,2 Fast 2 Furious,2003,https://boxd.it/2a4g
2024-12-29,Black Panther,2018,https://boxd.it/8MHs
2024-12-29,Creed,2015,https://boxd.it/a2qk
2024-12-29,They Cloned Tyrone,2023,https://boxd.it/rE7a
2024-12-29,Carry-On,2024,https://boxd.it/C0B2
2024-12-31,Morbius,2022,https://boxd.it/j978
2025-01-01,Bloodshot,2020,https://boxd.it/bfG8
2025-01-01,Babylon,2022,https://boxd.it/mM02
2025-01-01,Top Gun: Maverick,2022,https://boxd.it/cjr4
2025-01-02,Juror #2,2024,https://boxd.it/FRwU
2025-01-04,The Proposal,2009,https://boxd.it/1HiS
2025-01-04,Creed II,2018,https://boxd.it/hgl8
2025-01-04,Creed III,2023,https://boxd.it/pf68
2025-01-10,1917,2019,https://boxd.it/jj4y
2025-01-11,The Menu,2022,https://boxd.it/lScm
2025-01-14,Scream VI,2023,https://boxd.it/zdfW
2025-01-14,Little,2019,https://boxd.it/j6Cs
2025-01-14,Wicked,2024,https://boxd.it/e8ME
2025-01-14,The Rock,1996,https://boxd.it/1XM0
2025-01-16,Edge of Tomorrow,2014,https://boxd.it/4pD0
2025-01-16,Mission: Impossible – Fallout,2018,https://boxd.it/bSVc
2025-01-16,Tag,2018,https://boxd.it/gh7Y
2025-01-20,The Secret Life of Pets 2,2019,https://boxd.it/ewPM
2025-01-27,Spenser Confidential,2020,https://boxd.it/log4
2025-01-28,Conclave,2024,https://boxd.it/AO8q
2025-01-29,Judas and the Black Messiah,2021,https://boxd.it/lsew
2025-01-30,Source Code,2011,https://boxd.it/fdo
2025-02-01,The Penguin,2024,https://boxd.it/QkIU
2025-02-08,Reservoir Dogs,1992,https://boxd.it/2agc
2025-02-09,Grease,1978,https://boxd.it/29YW
2025-02-11,Interstellar,2014,https://boxd.it/4VZ8
2025-02-15,See How They Run,2022,https://boxd.it/sNVq
2025-02-22,The Gorge,2025,https://boxd.it/zRqK
2025-02-24,Bixler High Private Eye,2019,https://boxd.it/kPmG
2025-02-25,The Gods Must Be Crazy,1980,https://boxd.it/20eq
2025-02-25,Coming 2 America,2021,https://boxd.it/hrdu
2025-02-25,The Gods Must Be Crazy II,1989,https://boxd.it/1SJ6
2025-02-25,Shaolin Soccer,2001,https://boxd.it/1T86
2025-02-26,Companion,2025,https://boxd.it/F04o
2025-03-01,Kill Bill: Vol. 1,2003,https://boxd.it/70w
2025-03-08,Mickey 17,2025,https://boxd.it/q1Dk
2025-03-09,Glass Onion,2022,https://boxd.it/oCkK
2025-03-09,Cars,2006,https://boxd.it/29ho
2025-03-09,Cars 2,2011,https://boxd.it/H4Y
2025-03-15,Minority Report,2002,https://boxd.it/2aWi
2025-04-05,Opus,2025,https://boxd.it/JBMA
2025-04-05,The Tomorrow War,2021,https://boxd.it/lE78
2025-04-21,In the Mood for Love,2000,https://boxd.it/29tE
2025-04-22,Ocean's Eleven,2001,https://boxd.it/2aZm
2025-04-26,"tick, tick... BOOM!",2021,https://boxd.it/jz2e
2025-05-01,Palm Springs,2020,https://boxd.it/lCXQ
2025-05-10,Drop,2025,https://boxd.it/LyPq
2025-05-12,Star Wars: Episode III – Revenge of the Sith,2005,https://boxd.it/27US
2025-05-13,Rogue One: A Star Wars Story,2016,https://boxd.it/aPvy
2025-05-14,Star Wars,1977,https://boxd.it/72s
2025-05-15,Perfect Blue,1997,https://boxd.it/1W7A
2025-05-16,Scott Pilgrim vs. the World,2010,https://boxd.it/1Aq6
2025-05-16,The Empire Strikes Back,1980,https://boxd.it/27Vw
2025-05-19,Kiss Kiss Bang Bang,2005,https://boxd.it/23c8
2025-05-23,Sinners,2025,https://boxd.it/KQMM
2025-05-23,Bumblebee,2018,https://boxd.it/f21O
2025-05-24,Kate,2021,https://boxd.it/m2qy
2025-05-24,The Karate Kid,1984,https://boxd.it/27Wk
2025-05-24,The Karate Kid,2010,https://boxd.it/15HA
2025-05-25,Snatch,2000,https://boxd.it/2b7U
2025-05-25,Aladdin,2019,https://boxd.it/eSjy
2025-05-25,Wrath of Man,2021,https://boxd.it/nEia
2025-05-25,F9,2021,https://boxd.it/dqsU
2025-05-25,Furious 7,2015,https://boxd.it/5cVs
2025-05-27,Neymar: The Perfect Chaos,2022,https://boxd.it/z5fk
2025-05-28,Nope,2022,https://boxd.it/sDCe
2025-05-28,Gemini Man,2019,https://boxd.it/gaUu
2025-05-28,Remember the Titans,2000,https://boxd.it/1VLk
2025-05-29,Meg 2: The Trench,2023,https://boxd.it/mLvo
2025-05-31,13 Going on 30,2004,https://boxd.it/1X6e
2025-06-03,Inglourious Basterds,2009,https://boxd.it/1JzG
2025-06-05,Grave of the Fireflies,1988,https://boxd.it/1RUM
2025-06-06,The Croods,2013,https://boxd.it/FRE
2025-06-06,Ice Age,2002,https://boxd.it/2apS
2025-06-06,How to Train Your Dragon,2010,https://boxd.it/1WRy
2025-06-07,Burn After Reading,2008,https://boxd.it/23BW
2025-06-12,The Gentlemen,2019,https://boxd.it/iYBQ
2025-06-14,The Hobbit: An Unexpected Journey,2012,https://boxd.it/GZk
2025-06-14,Venom,2018,https://boxd.it/b8wA
2025-06-14,Venom: Let There Be Carnage,2021,https://boxd.it/llco
2025-06-16,Red Notice,2021,https://boxd.it/ixtq
2025-06-17,Shaun of the Dead,2004,https://boxd.it/29J8
2025-06-19,Enemy,2013,https://boxd.it/5xtO
2025-06-20,Scooby-Doo,2002,https://boxd.it/1YaQ
2025-06-20,American Pie,1999,https://boxd.it/27qy
2025-06-21,Outside the Wire,2021,https://boxd.it/taq6
2025-06-21,Tom Clancy's Without Remorse,2021,https://boxd.it/kNyA
2025-06-21,The Equalizer 2,2018,https://boxd.it/bAEW
2025-06-24,Little Miss Sunshine,2006,https://boxd.it/29EW
2025-06-24,Thor: Ragnarok,2017,https://boxd.it/8MHi
2025-06-25,Once Upon a Time... in Hollywood,2019,https://boxd.it/gH0O
2025-06-25,The Lion King,2019,https://boxd.it/eSjI
2025-06-25,Aladdin,1992,https://boxd.it/29yE
2025-06-26,mid90s,2018,https://boxd.it/fxIa
2025-06-27,Home,2015,https://boxd.it/6JxA
2025-06-27,Signs,2002,https://boxd.it/26t2
2025-06-28,Do the Right Thing,1989,https://boxd.it/29gA
2025-06-29,Batman Begins,2005,https://boxd.it/2aIg
2025-06-29,Jumanji: Welcome to the Jungle,2017,https://boxd.it/bUeE
2025-07-03,The Suicide Squad,2021,https://boxd.it/fw6O
2025-07-03,Speed,1994,https://boxd.it/28qk
2025-07-05,Coherence,2013,https://boxd.it/6xza
2025-07-07,About Time,2013,https://boxd.it/43bI
2025-07-08,Secret Window,2004,https://boxd.it/28xq
2025-07-09,The Substance,2024,https://boxd.it/zanS
2025-07-10,F1,2025,https://boxd.it/yjVM
2025-07-11,The Dark Knight Rises,2012,https://boxd.it/H3m
2025-07-12,Zodiac,2007,https://boxd.it/27MO
2025-07-13,Anatomy of a Fall,2023,https://boxd.it/yuDE
2025-07-14,Hush,2016,https://boxd.it/d5ys
2025-07-15,Blade Runner: Black Out 2022,2017,https://boxd.it/h5sM
2025-07-15,2048: Nowhere to Run,2017,https://boxd.it/h4uC
2025-07-15,Blade Runner,1982,https://boxd.it/2bcA
2025-07-17,Triangle of Sadness,2022,https://boxd.it/hXlq
2025-07-18,The Man from U.N.C.L.E.,2015,https://boxd.it/67lG
2025-07-19,BlacKkKlansman,2018,https://boxd.it/hxL8
2025-07-19,The Hunt,2020,https://boxd.it/iE9i
2025-07-20,Fallen Angels,1995,https://boxd.it/1UkW
2025-07-20,Stuber,2019,https://boxd.it/izHE
2025-07-21,Chungking Express,1994,https://boxd.it/1UDa
2025-07-23,Collateral,2004,https://boxd.it/28F0
2025-07-23,Sicario,2015,https://boxd.it/8i7u
2025-07-23,Johnny English Reborn,2011,https://boxd.it/kQq
2025-07-24,"Love, Death & Robots: Sonnie's Edge",2019,https://boxd.it/lECg
2025-07-24,"Love, Death & Robots: Three Robots",2019,https://boxd.it/lECK
2025-07-24,"Love, Death & Robots: The Witness",2019,https://boxd.it/lFO8
2025-07-24,"Love, Death & Robots: Suits",2019,https://boxd.it/lFOM
2025-07-24,"Love, Death & Robots: Sucker of Souls",2019,https://boxd.it/lFOW
2025-07-24,"Love, Death & Robots: When the Yogurt Took Over",2019,https://boxd.it/lFSY
2025-07-25,"Love, Death & Robots: Beyond the Aquila Rift",2019,https://boxd.it/lGTe
2025-07-25,Django Unchained,2012,https://boxd.it/2cCk
2025-07-26,Primal Fear,1996,https://boxd.it/28ws
2025-07-26,"Love, Death & Robots: Good Hunting",2019,https://boxd.it/lJFO
2025-07-26,"Love, Death & Robots: The Dump",2019,https://boxd.it/lJGi
2025-07-26,"Love, Death & Robots: Shape-Shifters",2019,https://boxd.it/lJFY
2025-07-27,12 Angry Men,1957,https://boxd.it/2auI
2025-07-27,"Love, Death & Robots: Helping Hand",2019,https://boxd.it/lJGW
2025-07-28,Requiem for a Dream,2000,https://boxd.it/29VI
2025-07-30,Stand by Me,1986,https://boxd.it/2aOe
2025-08-01,Incendies,2010,https://boxd.it/Msm
2025-08-02,She's Gotta Have It,1986,https://boxd.it/1quC
2025-08-02,V for Vendetta,2005,https://boxd.it/29Ik
2025-08-03,"Love, Death & Robots: Fish Night",2019,https://boxd.it/lJGs
2025-08-03,"Love, Death & Robots: Lucky 13",2019,https://boxd.it/lJGC
2025-08-03,"Love, Death & Robots: Zima Blue",2019,https://boxd.it/lJGM
2025-08-03,"Love, Death & Robots: Blindspot",2019,https://boxd.it/lJH6
2025-08-03,"Love, Death & Robots: Ice Age",2019,https://boxd.it/lJG8
2025-08-03,"Love, Death & Robots: Alternate Histories",2019,https://boxd.it/lJHg
2025-08-03,"Love, Death & Robots: The Secret War",2019,https://boxd.it/lN0g
2025-08-05,Oldboy,2003,https://boxd.it/29R2
2025-08-06,Return of the Jedi,1983,https://boxd.it/27Vm
2025-08-06,Star Wars: Episode I – The Phantom Menace,1999,https://boxd.it/27Vc
2025-08-10,Star Wars: Episode II – Attack of the Clones,2002,https://boxd.it/27V2
2025-08-12,Bring Her Back,2025,https://boxd.it/Hxlc
2025-08-14,Superman,2025,https://boxd.it/E9IU
2025-08-19,The Hunger Games,2012,https://boxd.it/2uds
2025-08-20,The Hunger Games: Catching Fire,2013,https://boxd.it/3sAw
2025-08-22,The Hunger Games: Mockingjay – Part 1,2014,https://boxd.it/4hka
2025-08-25,The Hunger Games: Mockingjay – Part 2,2015,https://boxd.it/4hk0
2025-08-27,Hot Fuzz,2007,https://boxd.it/2416
2025-08-30,Demon Slayer -Kimetsu no Yaiba- The Movie: Mugen Train,2020,https://boxd.it/nyLU
2025-09-02,Star Wars: The Force Awakens,2015,https://boxd.it/4vru
2025-09-03,"Lock, Stock and Two Smoking Barrels",1998,https://boxd.it/2b92
2025-09-05,The Naked Gun,2025,https://boxd.it/Da9k
2025-09-06,Demon Slayer: Kimetsu no Yaiba - Tsuzumi Mansion Arc,2021,https://boxd.it/xOlo
2025-09-06,Demon Slayer: Kimetsu no Yaiba - Sibling's Bond,2019,https://boxd.it/uTTa
2025-09-06,Demon Slayer: Kimetsu no Yaiba - Asakusa Arc,2021,https://boxd.it/xOlI
2025-09-06,Demon Slayer: Kimetsu no Yaiba Mt. Natagumo Arc,2020,https://boxd.it/ucDo
2025-09-06,Demon Slayer: Kimetsu no Yaiba - The Hashira Meeting Arc,2020,https://boxd.it/uzPC
2025-09-06,Demon Slayer: Kimetsu no Yaiba - Entertainment District Decisive Battle Arc,2023,https://boxd.it/Vmmw
2025-09-10,Demon Slayer: Kimetsu no Yaiba -To the Swordsmith Village-,2023,https://boxd.it/EnHw
2025-09-13,Weapons,2025,https://boxd.it/EMTM
2025-09-16,Demon Slayer: Kimetsu no Yaiba -To the Hashira Training-,2024,https://boxd.it/K9qI
2025-09-18,Demon Slayer: Kimetsu no Yaiba Infinity Castle,2025,https://boxd.it/O1GQ
2025-09-25,She's All That,1999,https://boxd.it/1Wz0
2025-09-25,Weathering with You,2019,https://boxd.it/kPxE
2025-09-26,Aftersun,2022,https://boxd.it/Arw0
2025-09-27,The Life of Chuck,2024,https://boxd.it/vMTu
2025-09-30,Eddington,2025,https://boxd.it/o6MC
2025-10-01,Thunderbolts*,2025,https://boxd.it/BfbQ
2025-10-02,Caught Stealing,2025,https://boxd.it/LnyS
2025-10-03,Yi Yi,2000,https://boxd.it/1vCw
2025-10-04,The Fantastic 4: First Steps,2025,https://boxd.it/mP6C
2025-10-07,On Becoming a Guinea Fowl,2024,https://boxd.it/EXzS
2025-10-08,Warfare,2025,https://boxd.it/LbRo
2025-10-09,Superman: Man of Tomorrow,2020,https://boxd.it/mSaC
2025-10-11,BLUE EYE SAMURAI,2023,https://boxd.it/JH9k
2025-10-14,RRR,2022,https://boxd.it/ljDs
2025-10-15,Hotel Chevalier,2007,https://boxd.it/21Ic
2025-10-16,When Harry Met Sally...,1989,https://boxd.it/29W2
2025-10-16,Donnie Darko,2001,https://boxd.it/2b2A
2025-10-17,Heat,1995,https://boxd.it/2bg8
2025-10-18,Portrait of a Lady on Fire,2019,https://boxd.it/jkPq
2025-10-19,Michael Jackson's Thriller,1983,https://boxd.it/3e76
2025-10-21,"Sorry, Baby",2025,https://boxd.it/JKNi
2025-10-22,The Long Walk,2025,https://boxd.it/mic8
2025-10-24,Polytechnique,2009,https://boxd.it/1AMG
2025-10-24,Maelström,2000,https://boxd.it/1caI
2025-10-29,Together,2025,https://boxd.it/LdFE
2025-10-30,Fruitvale Station,2013,https://boxd.it/4VRy
2025-10-31,"Love, Death & Robots: Automated Customer Service",2021,https://boxd.it/vhLk
2025-10-31,"Love, Death & Robots: Ice",2021,https://boxd.it/vhLu
2025-11-01,Barbarian,2022,https://boxd.it/yohi
2025-11-03,Mulholland Drive,2001,https://boxd.it/297o
2025-11-04,GoodFellas,1990,https://boxd.it/29FA
2025-11-06,Baby Driver,2017,https://boxd.it/bhF2
2025-11-08,Project X,2012,https://boxd.it/neO
2025-11-08,In Bruges,2008,https://boxd.it/20n8
2025-11-10,City of God,2002,https://boxd.it/2a2a
2025-11-15,Frankenstein,2025,https://boxd.it/Ecsg
2025-11-16,One Battle After Another,2025,https://boxd.it/DUHM
2025-12-05,All Her Fault,2025,https://boxd.it/YTd4
2025-12-06,Avatar,2009,https://boxd.it/1Efm
2025-12-08,Avatar: The Way of Water,2022,https://boxd.it/2E2E
2025-12-10,"Love, Death & Robots: Pop Squad",2021,https://boxd.it/vhLE
2025-12-13,Wake Up Dead Man,2025,https://boxd.it/uAKS
2025-12-16,"Love, Death & Robots: Snow in the Desert",2021,https://boxd.it/vhLO
2025-12-18,Rye Lane,2023,https://boxd.it/DIyy
2025-12-23,Avatar: Fire and Ash,2025,https://boxd.it/2W7s
2025-12-24,Napoleon Dynamite,2004,https://boxd.it/20wu
2025-12-24,Demon Slayer: Kimetsu no Yaiba Special Edition Hashira Training Arc Part 2,2025,https://boxd.it/Wye2
2025-12-24,Demon Slayer: Kimetsu no Yaiba Special Edition Hashira Training Arc Part 1,2025,https://boxd.it/WxG0
2025-12-25,Bugonia,2025,https://boxd.it/qeWY
2025-12-25,Dave Chappelle: The Unstoppable...,2025,https://boxd.it/ZEvY
2025-12-30,The Holdovers,2023,https://boxd.it/vHza
2025-12-31,Attack on Titan The Final Chapters: Special 1,2023,https://boxd.it/JyYy
2026-01-02,Stranger Things 5: The Finale,2025,https://boxd.it/YqXW
2026-01-06,Corpse Bride,2005,https://boxd.it/24WQ
2026-01-07,There Will Be Blood,2007,https://boxd.it/20Z2
2026-01-10,No Other Choice,2025,https://boxd.it/nKiA
2026-01-18,Radiohead: In Rainbows - From the Basement,2008,https://boxd.it/g7G
2026-01-19,Taste of Cherry,1997,https://boxd.it/1m8W
2026-01-19,It Was Just an Accident,2025,https://boxd.it/TX2k
2026-01-20,Punch-Drunk Love,2002,https://boxd.it/20E4
2026-01-21,Waves,2019,https://boxd.it/jpmy
2026-01-22,28 Days Later,2002,https://boxd.it/2aXU
2026-01-24,Office Space,1999,https://boxd.it/28Em
2026-01-24,No Country for Old Men,2007,https://boxd.it/21ew
2026-01-30,Uncut Gems,2019,https://boxd.it/gXGc
2026-01-31,Nostalgia of Everything,2024,https://boxd.it/RpbS
2026-02-03,Fargo,1996,https://boxd.it/2aHM
2026-02-03,Devil in a Blue Dress,1995,https://boxd.it/204A
2026-02-04,Memories of Murder,2003,https://boxd.it/1TSo
2026-02-05,HIS & HERS,2026,https://boxd.it/103iK
2026-02-07,Hamnet,2025,https://boxd.it/woVy
2026-02-09,La Haine,1995,https://boxd.it/2as8
2026-02-13,Wonder Man,2026,https://boxd.it/10jdQ
2026-02-14,"Love, Death & Robots: The Tall Grass",2021,https://boxd.it/vdQU
2026-02-14,"Love, Death & Robots: All Through the House",2021,https://boxd.it/vhXA
2026-02-14,"Love, Death & Robots: Life Hutch",2021,https://boxd.it/vdRe
2026-02-14,"Love, Death & Robots: The Drowned Giant",2021,https://boxd.it/vdRo
2026-02-15,Marty Supreme,2025,https://boxd.it/Off0
2026-02-16,Cure,1997,https://boxd.it/1blA
2026-02-17,Train Dreams,2025,https://boxd.it/LdDo
2026-02-18,Catch Me If You Can,2002,https://boxd.it/29VS
2026-02-18,Demon Slayer: Kimetsu no Yaiba Special Edition Swordsmith Village Arc Part 2,2024,https://boxd.it/WxDK
2026-02-18,Demon Slayer: Kimetsu no Yaiba Special Edition Swordsmith Village Arc Part 1,2024,https://boxd.it/WxDA
2026-02-20,George of the Jungle,1997,https://boxd.it/1VQO
2026-02-21,Everything Everywhere All at Once,2022,https://boxd.it/jUk4
2026-02-28,Sentimental Value,2025,https://boxd.it/GwcG
2026-03-02,The Departed,2006,https://boxd.it/28MA
2026-03-06,"Gorillaz Present: The Mountain, The Moon Cave and The Sad God",2026,https://boxd.it/1158k
2026-03-08,School of Rock,2003,https://boxd.it/28xK
2026-03-09,Good Will Hunting,1997,https://boxd.it/2ahY
2026-03-09,Jackie Brown,1997,https://boxd.it/2aVO
2026-03-14,"Good Luck, Have Fun, Don't Die",2025,https://boxd.it/Glua
2026-03-16,Chinatown,1974,https://boxd.it/29vU
2026-03-18,Irreversible,2002,https://boxd.it/29as
2026-03-19,Thank You for Smoking,2005,https://boxd.it/1YOc
2026-03-21,Project Hail Mary,2026,https://boxd.it/pEeQ
2026-03-26,Send Help,2026,https://boxd.it/JuhA
2026-03-29,Despicable Me 2,2013,https://boxd.it/3gg0
2026-03-29,Despicable Me,2010,https://boxd.it/1DD8
2026-03-29,After Hours,1985,https://boxd.it/1VfS
2026-03-30,The Wolf of Wall Street,2013,https://boxd.it/3C1m
2026-04-04,The Lord of the Rings: The Fellowship of the Ring,2001,https://boxd.it/2b5O
2026-04-06,Malcolm X,1992,https://boxd.it/27WE
2026-04-06,Kill Bill: Vol. 2,2004,https://boxd.it/2au4
2026-04-07,Dunkirk,2017,https://boxd.it/d0Y6
2026-04-17,What's Eating Gilbert Grape,1993,https://boxd.it/28xg
2026-04-27,The Lord of the Rings: The Two Towers,2002,https://boxd.it/2b5E
2026-04-28,The Hunger Games: The Ballad of Songbirds & Snakes,2023,https://boxd.it/pZCY
2026-05-01,Michael,2026,https://boxd.it/zi5M
2026-05-02,The Lord of the Rings: The Return of the King,2003,https://boxd.it/2b5u
2026-05-02,The Grand Budapest Hotel,2014,https://boxd.it/3ZqO
2026-05-06,The Drama,2026,https://boxd.it/OA2w
2026-05-13,Decision to Leave,2022,https://boxd.it/qp9e
2026-05-14,Avatar Aang: The Last Airbender,2026,https://boxd.it/B1BK
2026-05-16,Bottle Rocket,1993,https://boxd.it/pP8
2026-05-16,Do You Like to Read?,2012,https://boxd.it/jMMY
2026-05-19,Clue,1985,https://boxd.it/1MDQ
2026-05-20,"He Was Never There, Docupoem",2018,https://boxd.it/D1yU
2026-05-23,Attack on Titan The Final Chapters: Special 2,2023,https://boxd.it/JyZw
2026-05-25,Training Day,2001,https://boxd.it/27A4
2026-05-27,The Handmaiden,2016,https://boxd.it/948A
2026-05-27,Attack on Titan: The Roar of Awakening,2018,https://boxd.it/hLIs
2026-05-27,Attack on Titan: Wings of Freedom,2015,https://boxd.it/aO9G
2026-05-27,Attack on Titan: Crimson Bow and Arrow,2014,https://boxd.it/dbCK
2026-05-28,Trainspotting,1996,https://boxd.it/29XY
2026-06-01,Perfect Days,2023,https://boxd.it/ATh8
2026-06-06,Is God Is,2026,https://boxd.it/R80o
2026-06-09,Ready Player One,2018,https://boxd.it/aZes
2026-06-10,21 Jump Street,2012,https://boxd.it/J0
2026-06-11,Last Night in Soho,2021,https://boxd.it/lbJC
2026-06-12,22 Jump Street,2014,https://boxd.it/5Fvy
2026-06-14,Disclosure Day,2026,https://boxd.it/MDJY
2026-06-24,Poison,2023,https://boxd.it/Is7Q
2026-06-25,I Love Boosters,2026,https://boxd.it/KBIU
2026-06-26,Batman: Mask of the Phantasm,1993,https://boxd.it/1N6S
2026-06-29,Happiness,1998,https://boxd.it/1VEe
